id,feature_0,feature_1,feature_2,feature_3,feature_4
1,0.6732546652684398,0.5228423068642596,0.0,0.5228423068642596,0.0
2,0.0,0.4532946552278861,0.7674945674619879,0.4532946552278861,0.0
3,0.33110010014200913,0.25712876433201076,0.0,0.25712876433201076,0.8707136847392133
